<?xml version="1.0" encoding="UTF-8"?>

<web-app xmlns="http://java.sun.com/xml/ns/javaee"
	xmlns:xsi="http://www.w3.org/2001/XMLSchema-instance"
	xsi:schemaLocation="http://java.sun.com/xml/ns/javaee http://java.sun.com/xml/ns/javaee/web-app_3_0.xsd"
	version="3.0">

	<description><![CDATA[My ZK Application]]></description>
	<display-name>task1</display-name>

	<!-- [Optional]
	Uncomment if you want to use the ZK filter to post process the HTML output
	generated by other technology, such as JSP and velocity.
	<filter>
		<filter-name>zkFilter</filter-name>
		<filter-class>org.zkoss.zk.ui.http.DHtmlLayoutFilter</filter-class>
		<init-param>
			<param-name>extension</param-name>
			<param-value>html</param-value>
		</init-param>
		<init-param>
			<param-name>compress</param-name>
			<param-value>true</param-value>
		</init-param>
	</filter>
	<filter-mapping>
		<filter-name>zkFilter</filter-name>
		<url-pattern>your URI pattern</url-pattern>
	</filter-mapping>
	-->
</web-app>
